iso3,progres,unhcr_name,english_name,french_name,spanish_name,UNSD_name,territory_name,iso3_num,terr_id,proGres_alpha3,noc_alpha3,noc_name,nato_alpha2,nato_alpha3,nato_name,marc_alpha3,marc_name,itu_num,itu_alpha3,itu_names,fips_alpha2,fips_name,undp_alpha3,undp_name,fao_name,fao_alpha3,lp_alpha3,lp_name,wb_name,prio_name,un_names
ABW,ABW,Aruba,Aruba,Aruba,Aruba,Aruba,Aruba,533,12,ABW,ARU, Aruba,AA,ABW,Aruba,aw,Aruba,307,,Netherlands (Kingdom of the) - Aruba,AA,Aruba,ARU, Aruba,Aruba,ABW,,,Aruba,,
AFG,AFG,Afghanistan,Afghanistan,Afghanistan ,Afganistán,Afghanistan,Afghanistan,4,1,AFG,AFG, Afghanistan,AF,AFG,Afghanistan,af,Afghanistan,401,AFG,Afghanistan,AF,Afghanistan,AFG, Afghanistan,Afghanistan,AFG,AFG, Afghanistan,Afghanistan,Afghanistan,Afghanistan
AGO,ANG,Angola,Angola,Angola,Angola,Angola,Angola,24,6,ANG,ANG, Angola,AO,AGO,Angola,ao,Angola,603,AGL,Angola (Republic of),AO,Angola,ANG, Angola,Angola,AGO,,,Angola,Angola,Angola
AIA,AIA,Anguilla,Anguilla,Anguilla,,Anguilla,Anguilla,660,7,AIA,,,AV,AIA,Anguilla,am,Anguilla,301,,United Kingdom of Great Britain and Northern Ireland - Anguilla,AV,Anguilla,ANL, Anguilla,Anguilla,AIA,,,Anguila,,
ALA,NA,NA,Åland Islands,Åland,,,,248,,,,,,,,,,NA,,,–,Aland Islands,,,,,,,,,
ALB,ALB,Albania,Albania,Albanie ,Albania,Albania,Albania,8,2,ALB,ALB, Albania,AL,ALB,Albania,aa,Albania,201,ALB,Albania (Republic of),AL,Albania,ALB, Albania,Albania,ALB,AL, Albania,Albania,Albania,Albania
AND,AND,Andorra,Andorra,Andorre,Andorra,Andorra,Andorra,20,5,AND,AND, Andorra,AN,AND,Andorra,an,Andorra,202,AND,Andorra (Principality of),AN,Andorra,AND, Andorra,Andorra,AND,AND, Andorra,Andorra,,Andorra
ARE,UAE,United Arab Emirates,United Arab Emirates (the),Émirats arabes unis,Ermiratos Árabes Unidos,United Arab Emirates,United Arab Emirates,784,254,UAE,UAE, United Arab Emirates,TC,ARE,United Arab Emirates,ts,United Arab Emirates,470,UAE,United Arab Emirates,AE,United Arab Emirates,UAE, United Arab Emirates,Untd,Arab,UAE, United Arab Emirates,United Arab Emirates,United Arab Emirates,United Arab Emirates
ARG,ARG,Argentina,Argentina,Argentine ,Argentina,Argentina,Argentina,32,10,ARG,ARG, Argentina,AR,ARG,Argentina,ag,Argentina,701,ARG,Argentine Republic,AR,Argentina,ARG, Argentina,Argentina,ARG,RA, Argentina,Argentina,Argentina,Argentina
ARM,ARM,Armenia,Armenia,Arménie,Armenia,Armenia,Armenia,51,11,ARM,ARM, Armenia,AM,ARM,Armenia,ai,Armenia (Republic),216,ARM,Armenia (Republic of),AM,Armenia,ARM, Armenia,Armenia,ARM,AM, Armenia,Armenia,Armenia,Armenia
ASM,ASM,American Samoa,American Samoa,Samoa américaines,,,American Samoa,16,4,,ASA, American Samoa,,,,as,American Samoa,559,,United States of America - American Samoa,AQ,American Samoa,AMS, American Samoa,Amer Samoa,ASM,,,American Samoa,,
ATA,ATA,Antarctica,Antarctica,Antarctique,Antártida,Antarctica,Antarctica,10,8,ATA,,,AY,ATA,Antarctica,ay,Antarctica,NA,,,AY,Antarctica,,,,,,,,,
ATF,ATF,French Southern Territories,French Southern Territories (the),Terres australes françaises,Francés Tierras Australes y Antárticas,French Southern Territories,French Southern and Antarctic Territories,260,85,ATF,,,FS,ATF,French Southern Territories,fs,Terres australes et antarctiques françaises,NA,,,FS,French Southern Territories,FOS,French Overseas Territories,Fr South Tr,ATF,,,Fr. So. Ant. Tr,,
ATG,ANT,Antigua and Barbuda,Antigua and Barbuda,Antigua-et-Barbuda,Antigua y Barbuda,Antigua and Barbuda,Antigua and Barbuda,28,9,ANT,ANT, Antigua and Barbuda,AC,ATG,Antigua and Barbuda,aq,Antigua and Barbuda,304,ATG,Antigua and Barbuda,AC,Antigua and Barbuda,ANT, Antigua and Barbuda,Antigua Barb,ATG,,,Antigua and Barbuda,,Antigua and Barbuda
AUS,AUL,Australia,Australia,Australie,Australia,Australia,Australia,36,14,AUL,AUS, Australia,AS,AUS,Australia,at,Australia,503,AUS,Australia,AS,Australia,AUL, Australia,Australia,AUS,AUS, Australia,Australia,Australia,Australia
AUT,AUS,Austria,Austria,Autriche,Austria,Austria,Austria,40,15,AUS,AUT, Austria,AU,AUT,Austria,au,Austria,203,AUT,Austria,AU,Austria,AUS, Austria,Austria,AUT,A, Austria,Austria,Austria,Austria
AZE,AZE,Azerbaijan,Azerbaijan,Azerbaïdjan,Azerbaiyán,Azerbaijan,Azerbaijan,31,16,AZE,AZE, Azerbaijan,AJ,AZE,Azerbaijan,aj,Azerbaijan,423,AZE,Azerbaijan (Republic of),AJ,Azerbaijan,AZE, Azerbaijan,Azerbaijan,AZE,AZ, Azerbaijan,Azerbaijan,Azerbaijan,Azerbaijan
BDI,BDI,Burundi,Burundi,Burundi,,Burundi,Burundi,108,41,BDI,BDI, Burundi,BY,BDI,Burundi,bd,Burundi,609,BDI,Burundi (Republic of),BY,Burundi,BDI, Burundi,Burundi,BDI,RU, Burundi,Burundi,Burundi,Burundi
BEL,BEL,Belgium,Belgium,Belgique,Bélgica,Belgium,Belgium,56,25,BEL,BEL, Belgium,BE,BEL,Belgium,be,Belgium,205,BEL,Belgium,BE,Belgium,BEL, Belgium,Belgium,BEL,B, Belgium,Belgium,Belgium,Belgium
BEN,BEN,Benin,Benin,Bénin,Benin,Benin,Benin,204,27,BEN,BEN, Benin,BN,BEN,Benin,dm,Benin,610,BEN,Benin (Republic of),BN,Benin,BEN, Benin,Benin,BEN,DY, Benin,Benin,Benin,Benin
BES,BES,"Bonaire, Sint Eustatius and Saba","Bonaire, Sint Eustatius and Saba","Bonaire, Saint-Eustache et Saba",Bonaire,"Bonaire, Sint Eustatius and Saba",Bonaire  Sint Eustatius and Saba,535,,BES,,,,,,,,NA,,,–,"Bonaire, Sint Eustatius and Saba",,,Bonaire/Eust,BES,,,,,
BFA,BKF,Burkina Faso,Burkina Faso,Burkina Faso ,Burkina Faso,Burkina Faso,Burkina Faso,854,40,BKF,BUR, Burkina Faso,UV,BFA,Burkina Faso,uv,Burkina Faso,633,BFA,Burkina Faso,UV,Burkina Faso,BKF, Burkina Faso,Burkina Faso,BFA,BF, Burkina Faso,Burkina Faso,Burkina Faso,Burkina Faso
BGD,BGD,Bangladesh,Bangladesh,Bangladesh,Bangladesh,Bangladesh,Bangladesh,50,21,BGD,BAN, Bangladesh,BD,BGD,Bangladesh,bg,Bangladesh,405,BGD,Bangladesh (People's Republic of),BG,Bangladesh,BGD, Bangladesh,Bangladesh,BGD,BD, Bangladesh,Bangladesh,Bangladesh,Bangladesh
BGR,BUL,Bulgaria,Bulgaria,Bulgarie,Bulgaria,Bulgaria,Bulgaria,100,39,BUL,BUL, Bulgaria,BG,BGR,Bulgaria,bu,Bulgaria,207,BUL,Bulgaria (Republic of),BU,Bulgaria,BUL, Bulgaria,Bulgaria,BGR,BG, Bulgaria,Bulgaria,,Bulgaria
BHR,BAH,Bahrain,Bahrain,Bahreïn,Bahrein,Bahrain,Bahrain,48,19,BAH,BRN, Bahrain,BA,BHR,Bahrain,ba,Bahrain,408,BHR,Bahrain (Kingdom of),BA,Bahrain,BAH, Bahrain,Bahrain,BHR,BRN, Bahrain,Bahrain,Bahrain,Bahrain
BHS,BHS,Bahamas,Bahamas (the),Bahamas,Bahamas,Bahamas,Bahamas,44,18,BHS,BAH, Bahamas,BF,BHS,The Bahamas,bf,Bahamas,308,BAH,Bahamas (Commonwealth of the),BF,Bahamas,BHA, The Bahamas,Bahamas,BHS,BS, Bahamas,"Bahamas, The",,The Bahamas
BIH,BSN,Bosnia and Herzegovina,Bosnia and Herzegovina,Bosnie-Herzégovine,Bosnia y Herzegovina,Bosnia and Herzegovina,Bosnia and Herzegovina,70,32,BSN,BIH, Bosnia and Herzegovina,BK,BIH,Bosnia-Herzegovina,bn,Bosnia and Herzegovina,478,BIH,Bosnia and Herzegovina,BK,Bosnia and Herzegovina,BIH, Bosnia-Herzegovina,Bosnia Herzg,BIH,BIH, Bosnia and Herzegovina,Bosnia and Herzegovina,Bosnia-Herzegovina,Bosnia and Herzegovina
BLM,BLM,Saint-Barthelemy,Saint Barthélemy,Saint-Barthélemy,,,Saint BarthÃ©lemy,652,97,,,,,,,sc,Saint-Barthélemy,NA,,,TB,Saint Barthelemy,,,StBarthélemy,BLM,,,,,
BLR,BLR,Belarus,Belarus,Bélarus,Belarús,Belarus,Belarus,112,24,BLR,BLR, Belarus,BO,BLR,Belarus,bw,Belarus,206,BLR,Belarus (Republic of),BO,Belarus,BYE, Belarus,Belarus,BLR,BY, Belarus,Belarus,,Belarus
BLZ,BZE,Belize,Belize,Belize ,Belice,Belize,Belize,84,26,BZE,BIZ, Belize,BH,BLZ,Belize,bh,Belize,312,BLZ,Belize,BH,Belize,BZE, Belize,Belize,BLZ,BH, Belize,Belize,,Belize
BMU,BER,Bermuda,Bermuda,Bermudes,Bermudas,Bermuda,Bermuda,60,28,BER,BER, Bermuda,BM,BMU,Bermuda,bm,Bermuda Islands,310,,United Kingdom of Great Britain and Northern Ireland - Bermuda,BD,Bermuda,BER, Bermuda,Bermuda,BMU,,,Bermuda,,
BOL,BOL,"Bolivia, Plurinational State of",Bolivia (Plurinational State of),Bolivie (État plurinational de),Estado Plurinacional de Bolivia,Bolivia (Plurinational State of),Bolivia,68,31,BOL,BOL, Bolivia,BL,BOL,Bolivia,bo,Bolivia,720,BOL,Bolivia (Plurinational State of),BL,"Bolivia, Plurinational State Of",BOL, Bolivia,Bolivia,BOL,BOL, Bolivia,Bolivia,Bolivia,Bolivia Plurinational State of 
BRA,BRA,Brazil,Brazil,Brésil,Brasil,Brazil,Brazil,76,35,BRA,BRA, Brazil,BR,BRA,Brazil,bl,Brazil,710,B,Brazil (Federative Republic of),BR,Brazil,BRA, Brazil,Brazil,BRA,BR, Brazil,Brazil,Brazil,Brazil
BRB,BAR,Barbados,Barbados,Barbade,Barbados,Barbados,Barbados,52,22,BAR,BAR, Barbados,BB,BRB,Barbados,bb,Barbados,314,BRB,Barbados,BB,Barbados,BAR, Barbados,Barbados,BRB,BDS, Barbados,Barbados,,Barbados
BRN,BRU,Brunei Darussalam,Brunei Darussalam,Brunéi Darussalam,Brunei Darussalam,Brunei Darussalam,Brunei Darussalam,96,38,BRU,BRU, Brunei,BX,BRN,Brunei,bx,Brunei,508,BRU,Brunei Darussalam,BX,Brunei Darussalam,BRU, Brunei,Brunei Darsm,BRN,BRU, Brunei,Brunei,,Brunei Darussalam
BTN,BHU,Bhutan,Bhutan,Bhoutan ,Bhután,Bhutan,Bhutan,64,29,BHU,BHU, Bhutan,BT,BTN,Bhutan,bt,Bhutan,410,BTN,Bhutan (Kingdom of),BT,Bhutan,BHU, Bhutan,Bhutan,BTN,,,Bhutan,Bhutan,Bhutan
BVT,BVT,Bouvet Island,Bouvet Island,Bouvet (l'Île),Burundi,,Bouvet Island,74,34,,,,BV,BVT,Bouvet Island,bv,Bouvet Island,NA,,,BV,Bouvet Island,,,,,,,,,
BWA,BOT,Botswana,Botswana,Botswana,Botswana,Botswana,Botswana,72,33,BOT,BOT, Botswana,BC,BWA,Botswana,bs,Botswana,611,BOT,Botswana (Republic of),BC,Botswana,BOT, Botswana,Botswana,BWA,BW, Botswana,Botswana,Botswana,Botswana
CAF,CAR,Central African Republic,Central African Republic (the),République centrafricaine,República Centroafricana,Central African Republic,Central African Republic,140,47,CAR,CAF, Central African Republic,CT,CAF,Central African Republic,cx,Central African Republic,612,CAF,Central African Republic,CT,Central African Republic,CAF, Central African Republic,Cent Afr Rep,CAF,RCA, Central African Republic,Central African Republic,Central African Republic,Central African Republic
CAN,CAN,Canada,Canada,Canada,Canadá,Canada,Canada,124,44,CAN,CAN, Canada,CA,CAN,Canada,#NAME?,Canada,316,CAN,Canada,CA,Canada,CAN, Canada,Canada,CAN,CDN, Canada,Canada,Canada,Canada
CCK,CCK,Cocos (Keeling) Island,Cocos (Keeling) Islands (the),Cocos (les Îles)/ Keeling (les Îles),,,Cocos (Keeling) Islands,166,53,,,,CK,CCK,Cocos (Keeling) Islands,xb,Cocos (Keeling) Islands,523,,Australia - Cocos (Keeling) Islands,CK,Cocos (Keeling) Islands,,,,,,,Cocos (Keeling) Islands,,
CHE,SWI,Switzerland,Switzerland,Suisse,Suiza,Switzerland,Switzerland,756,234,SWI,SUI, Switzerland,SZ,CHE,Switzerland,sz,Switzerland,269,SUI,Switzerland (Confederation of),SZ,Switzerland,SWI, Switzerland,Switzerland,CHE,CH,  Switzerland,Switzerland,,Switzerland
CHL,CHL,Chile,Chile,Chili,Chile,Chile,Chile,152,49,CHL,CHI, Chile,CI,CHL,Chile,cl,Chile,725,CHL,Chile,CI,Chile,CHI, Chile,Chile,CHL,RCH, Chile,Chile,,Chile
CHN,CHI,China,China,Chine,China,China,China,156,50,CHI,CHN, China,CH,CHN,People's Republic of China,cc,China,412,CHN,China (People's Republic of),CH,China,CPR, People's Republic of China,China,CHN,,,China,China,China
CIV,ICO,Côte d'Ivoire,Côte d'Ivoire,Côte d'Ivoire,Côte d'Ivoire,Côte d'Ivoire,CÃ´te d'Ivoire,384,59,ICO,CIV, Ivory Coast,IV,CIV,Côte d'Ivoire,iv,Côte d'Ivoire,619,CTI,Côte d'Ivoire (Republic of),IV,Cote d’Ivoire,IVC, Côte d'Ivoire,Côte dIvoire,CIV,CI, Ivory Coast (Côte d'Ivoire),Cote d'Ivoire,Ivory Coast,Ivory Coast
CMR,CMR,Cameroon,Cameroon,Cameroun,Camerún,Cameroon,Cameroon,120,43,CMR,CMR, Cameroon,CM,CMR,Cameroon,cm,Cameroon,613,CME,Cameroon (Republic of),CM,Cameroon,CMR, Cameroon,Cameroon,CMR,CAM, Cameroon,Cameroon,Cameroon,Cameroon
COD,COD,Democratic Republic of the Congo,Congo (the Democratic Republic of the),Congo (la République démocratique du),República Democrática del Congo,Democratic Republic of the Congo,Democratic Republic of the Congo,180,65,COD,COD, Democratic Republic of the Congo,CD,COD,Democratic Republic of the Congo,cg,Congo (Democratic Republic),676,COD,Democratic Republic of the Congo,CG,"Congo, the Democratic Republic of the",ZAI, Democratic Republic of the Congo,Congo Dem R,COD,CGO, Democratic Republic of the Congo,"Congo, Dem. Rep.",DR Congo (Zaire),Democratic Republic of the Congo
COG,COB,"Congo, Republic of the",Congo (the),Congo,República del Congo,Congo,Congo,178,56,COB,CGO, Republic of the Congo,CF,COG,Republic of the Congo,cf,Congo (Brazzaville),615,COG,Congo (Republic of the),CF,Congo,PRC, Republic of the Congo,Congo,COG,RCB, Republic of the Congo,"Congo, Rep.",Congo,Republic of the Congo
COK,COK,Cook Islands,Cook Islands (the),Cook (les Îles),Islas Cook,Cook Islands,Cook Islands,184,57,COK,COK, Cook Islands,CW,COK,Cook Islands,cw,Cook Islands,518,,New Zealand - Cook Islands,CW,Cook Islands,CKI, Cook Islands,Cook Is,COK,,,Cook Islands,,
COL,COL,Colombia,Colombia,Colombie,Colombia,Colombia,Colombia,170,54,COL,COL, Colombia,CO,COL,Colombia,ck,Colombia,730,CLM,Colombia (Republic of),CO,Colombia,COL, Colombia,Colombia,COL,CO, Colombia,Colombia,Colombia,Colombia
COM,COI,Comoros,Comoros (the),Comores,Comoras,Comoros,Comoros,174,55,COI,COM, Comoros,CN,COM,Comoros,cq,Comoros,616,COM,Comoros (Union of the),CN,Comoros,COI, Comoros,Comoros,COM,,,Comoros,Comoros,Comoros
CPV,CVI,Cabo Verde,Cabo Verde,Cabo Verde,Cabo Verde,Cabo Verde,Cape Verde,132,45,CVI,CPV, Cape Verde,CV,CPV,Cape Verde,cv,Cabo Verde,617,CPV,Cabo Verde (Republic of),CV,Cabo Verde,CVI, Cape Verde,Cabo Verde,CPV,,,Cape Verde,,Cape Verde
CRI,COS,Costa Rica,Costa Rica,Costa Rica,Costa Rica,Costa Rica,Costa Rica,188,58,COS,CRC, Costa Rica,CS,CRI,Costa Rica,cr,Costa Rica,321,CTR,Costa Rica,CS,Costa Rica,COS, Costa Rica,Costa Rica,CRI,CR,Costa Rica,Costa Rica,,Costa Rica
CUB,CUB,Cuba,Cuba,Cuba,Cuba,Cuba,Cuba,192,61,CUB,CUB, Cuba,CU,CUB,Cuba,cu,Cuba,323,CUB,Cuba,CU,Cuba,CUB, Cuba,Cuba,CUB,C,Cuba,Cuba,,Cuba
CUW,CUW,Curaçao,Curaçao,Curaçao,Curaçao,Curaçao,CuraÃ§ao,531,null,CUW,,,,,,co,Curaçao,306,,Netherlands (Kingdom of the) - Curaçao,UC,Curacao,,,Curaçao,CUW,,,,,
CXR,CXR,Christmas Island,Christmas Island,Christmas (l'Île),,,Christmas Island,162,51,,,,KT,CXR,Christmas Island,xa,Christmas Island (Indian Ocean),516,,Australia - Christmas Island (Indian Ocean),KT,Christmas Island,,,,,,,Christmas Island,,
CYM,CAY,Cayman Islands,Cayman Islands (the),Caïmans,Islas Caimán,Cayman Islands,Cayman Islands,136,46,CAY,CAY, Cayman Islands,CJ,CYM,Cayman Islands,cj,Cayman Islands,319,,United Kingdom of Great Britain and Northern Ireland - Cayman Islands,CJ,Cayman Islands,CAY, Cayman Islands,Cayman Is,CYM,,,Cayman Islands,,
CYP,CYP,Cyprus,Cyprus,Chypre,Chipre,Cyprus,Cyprus,196,62,CYP,CYP, Cyprus,CY,CYP,Cyprus,cy,Cyprus,209,CYP,Cyprus (Republic of),CY,Cyprus,CYP, Cyprus,Cyprus,CYP,CY, Cyprus,Cyprus,,Cyprus
CZE,CZE,Czech Republic,Czechia,Tchéquie,República Checa,Czechia,Czech Republic,203,63,CZE,CZE, Czech Republic,CZ,CZE,Czech Republic,xr,Czech Republic,270,CZE,Czech Republic,EZ,Czechia,CZE, Czech Republic,Czechia,CZE,CZ, Czech Republic,Czech Republic,,Czech Republic
DEU,GFR,Germany,Germany,Allemagne,Alemania,Germany,Germany,276,90,GFR,GER, Germany,GE,DEU,Germany,gw,Germany,211,D,Germany (Federal Republic of),GM,Germany,GER, Germany,Germany,DEU,D, Germany,Germany,Germany,Germany
DJI,DJB,Djibouti,Djibouti,Djibouti,Djibouti,Djibouti,Djibouti,262,67,DJB,DJI, Djibouti,DJ,DJI,Djibouti,ft,Djibouti,621,DJI,Djibouti (Republic of),DJ,Djibouti,DJI, Djibouti,Djibouti,DJI,,,Djibouti,Djibouti,Djibouti
DMA,DMA,Dominica,Dominica,Dominique,Dominica,Dominica,Dominica,212,68,DMA,DMA, Dominica,DO,DMA,Dominica,dq,Dominica,325,DMA,Dominica (Commonwealth of),DO,Dominica,DMI, Dominica,Dominica,DMA,WD, Dominica,Dominica,,Dominica
DNK,DEN,Denmark,Denmark,Danemark,Dinamarca,Denmark,Denmark,208,66,DEN,DEN, Denmark,DA,DNK,Denmark,dk,Denmark,219,DNK,Denmark,DK,Denmark,DEN, Denmark,Denmark,DNK,DK, Denmark,Denmark,,Denmark
DOM,DOM,Dominican Republic,Dominican Republic (the),République dominicaine,República Dominicana,Dominican Republic,Dominican Republic,214,69,DOM,DOM, Dominican Republic,DR,DOM,Dominican Republic,dr,Dominican Republic,327,DOM,Dominican Republic,DR,Dominican Republic,DOM, Dominican Republic,Dominican Rp,DOM,DOM, Dominican Republic,Dominican Republic,,Dominican Republic
DZA,ALG,Algeria,Algeria,Algérie ,Argelia,Algeria,Algeria,12,3,ALG,ALG, Algeria,AG,DZA,Algeria,ae,Algeria,605,ALG,Algeria (People's Democratic Republic of),AG,Algeria,ALG, Algeria,Algeria,DZA,DZ, Algeria,Algeria,Algeria,Algeria
ECU,ECU,Ecuador,Ecuador,Équateur,Ecuador,Ecuador,Ecuador,218,70,ECU,ECU, Ecuador,EC,ECU,Ecuador,ec,Ecuador,735,EQA,Ecuador,EC,Ecuador,ECU, Ecuador,Ecuador,ECU,EC, Ecuador,Ecuador,Ecuador,Ecuador
EGY,ARE,Egypt,Egypt,Égypte,Egipto,Egypt,Egypt,818,71,ARE,EGY, Egypt,EG,EGY,Egypt,ua,Egypt,622,EGY,Egypt (Arab Republic of),EG,Egypt,EGY, Egypt,Egypt,EGY,ET, Egypt,"Egypt, Arab Rep.",Egypt,Egypt
ERI,ERT,Eritrea,Eritrea,Érythrée,Eritrea,Eritrea,Eritrea,232,74,ERT,ERI, Eritrea,ER,ERI,Eritrea,ea,Eritrea,625,ERI,Eritrea,ER,Eritrea,ERI, Eritrea,Eritrea,ERI,ER, Eritrea,Eritrea,Eritrea,Eritrea
ESH,WSH,Western Sahara,Western Sahara,Sahara occidental,Sáhara Occidental,Western Sahara,Western Sahara,732,266,WSH,,,WI,ESH,Western Sahara,,,NA,,,WI,Western Sahara,SAH, Western Sahara,,,,,Western Sahara,,
ESP,SPA,Spain,Spain,Espagne,España,Spain,Spain,724,226,SPA,ESP, Spain,ES,ESP,Spain,sp,Spain,224,E,Spain,SP,Spain,SPA, Spain,Spain,ESP,E, Spain,Spain,Spain,Spain
EST,EST,Estonia,Estonia,Estonie,Estonia,Estonia,Estonia,233,75,EST,EST, Estonia,EN,EST,Estonia,er,Estonia,276,EST,Estonia (Republic of),EN,Estonia,EST, Estonia,Estonia,EST,EST, Estonia,Estonia,,Estonia
ETH,ETH,Ethiopia,Ethiopia,Éthiopie,Etiopía,Ethiopia,Ethiopia,231,76,ETH,ETH, Ethiopia,ET,ETH,Ethiopia,et,Ethiopia,624,ETH,Ethiopia (Federal Democratic Republic of),ET,Ethiopia,ETH, Ethiopia,Ethiopia,ETH,ETH, Ethiopia,Ethiopia (excludes Eritrea),Ethiopia,Ethiopia
FIN,FIN,Finland,Finland,Finlande,Finlandia,Finland,Finland,246,81,FIN,FIN, Finland,FI,FIN,Finland,fi,Finland,230,FIN,Finland,FI,Finland,FIN, Finland,Finland,FIN,FIN, Finland,Finland,,Finland
FJI,FIJ,Fiji,Fiji,Fidji,Fiji,Fiji,Fiji,242,80,FIJ,FIJ, Fiji,FJ,FJI,Fiji,fj,Fiji,520,FJI,Fiji (Republic of),FJ,Fiji,FIJ, Fiji,Fiji,FJI,FJI, Fiji,Fiji,,Fiji
FLK,FLK,Falkland Islands (Malvinas),Falkland Islands (the) [Malvinas],Falkland (les Îles)/Malouines (les Îles),Islas Malvinas,Falkland Islands (Malvinas),Falkland Islands (Malvinas),238,78,FLK,,,FK,FLK,Falkland Islands,fk,Falkland Islands,740,,United Kingdom of Great Britain and Northern Ireland - Falkland Islands (Malvinas),FK,Falkland Islands (Malvinas),,,Falkland Is,FLK,,,Falkland Island,,
FRA,FRA,France,France,France,Francia,France,France,250,82,FRA,FRA, France,FR,FRA,France,fr,France,226,F,France,FR,France,FRA, France,France,FRA,F, France,France,France,France
FRO,FRO,Faroe Islands,Faroe Islands (the),Féroé,Islas Feroe,Faroe Islands,Faroe Islands,234,79,FRO,,,FO,FRO,Faroe Islands,fa,Faroe Islands,231,,Denmark - Faroe Islands,FO,Faroe Islands,,,Faroe Is,FRO,FO, Faroe Islands,Faeroe Islands,,
FSM,FSM,"Micronesia, Federated States of",Micronesia (Federated States of),États fédérés de Micronésie,Estados Federados de Micronesia,Micronesia (Federated States of),Federated States of Micronesia,583,159,FSM,FSM, Federated States of Micronesia,FM,FSM,Federated States of Micronesia,fm,Micronesia (Federated States),510,FSM,Micronesia (Federated States of),FM,"Micronesia, Federated States of",MIC, Federated States of Micronesia,Micronesia,FSM,,,"Micronesia, Fed. Sts.",,Federated States of Micronesia
GAB,GAB,Gabon,Gabon,Gabon,Gabón,Gabon,Gabon,266,86,GAB,GAB, Gabon,GA,GAB,Gabon,go,Gabon,626,GAB,Gabonese Republic,GB,Gabon,GAB, Gabon,Gabon,GAB,G, Gabon,Gabon,,Gabon
GBR,GBR,United Kingdom of Great Britain and North. Ireland,United Kingdom of Great Britain and Northern Ireland (the),Royaume-Uni de Grande-Bretagne et d'Irlande du Nord,,United Kingdom of Great Britain and Northern Ireland,U.K. of Great Britain and Northern Ireland,826,251,GBR,GBR, Great Britain,GB,GBR,United Kingdom (Great Britain and Northern Ireland),uk,United Kingdom,232,G,United Kingdom of Great Britain and Northern Ireland,UK,United Kingdom,UKM, United Kingdom,UK,GBR,GB, United Kingdom,United Kingdom,United Kingdom,United Kingdom
GEO,GEO,Georgia,Georgia,Géorgie,Georgia,Georgia,Georgia,268,89,GEO,GEO, Georgia,GG,GEO,Georgia,gs,Georgia (Republic),213,GEO,Georgia,GG,Georgia,GEO, Georgia,Georgia,GEO,GE, Georgia,Georgia,Georgia,Georgia
GGY,GGY,Guernsey,Guernsey,Guernesey,,,Guernsey,831,101,,,,,,,gg,Guernsey,NA,,,GK,Guernsey,,,,,,,,,
GHA,GHA,Ghana,Ghana,Ghana,Ghana,Ghana,Ghana,288,91,GHA,GHA, Ghana,GH,GHA,Ghana,gh,Ghana,627,GHA,Ghana,GH,Ghana,GHA, Ghana,Ghana,GHA,GH, Ghana,Ghana,Ghana,Ghana
GIB,GIB,Gibraltar,Gibraltar,Gibraltar,,,Gibraltar,292,92,,,,GI,GIB,Gibraltar,gi,Gibraltar,236,,United Kingdom of Great Britain and Northern Ireland - Gibraltar,GI,Gibraltar,,,Gibraltar,GIB,GBZ, Gibraltar,Gibraltar,,
GIN,GUI,Guinea,Guinea,Guinée,Guinea,Guinea,Guinea,324,102,GUI,GUI, Guinea,GV,GIN,Guinea,gv,Guinea,632,GUI,Guinea (Republic of),GV,Guinea,GUI, Guinea,Guinea,GIN,RG, Guinea,Guinea,Guinea,Guinea
GLP,GLP,Guadeloupe,Guadeloupe,Guadeloupe,Guadalupe,Guadeloupe,Guadeloupe,312,97,GLP,,,GP,GLP,Guadeloupe,gp,Guadeloupe,329,,France - Guadeloupe (French Department of),GP,Guadeloupe,GUD, Guadeloupe,Guadeloupe,GLP,,,Guadeloupe,,
GMB,GAM,Gambia,Gambia (the),Gambie,Gambia,Gambia,Gambia,270,87,GAM,GAM, The Gambia,GM,GMB,The Gambia,gm,Gambia,629,GMB,Gambia (Republic of the),GA,Gambia,GAM, The Gambia,Gambia,GMB,WAG, Gambia,"Gambia, The",Gambia,The Gambia
GNB,GNB,Guinea-Bissau,Guinea-Bissau,Guinée-Bissau,Guinea-Bissau,Guinea-Bissau,Guinea-Bissau,624,103,GNB,GBS, Guinea-Bissau,PU,GNB,Guinea-Bissau,pg,Guinea-Bissau,630,GNB,Guinea-Bissau (Republic of),PU,Guinea-Bissau,GBS, Guinea-Bissau,GuineaBissau,GNB,,,Guinea-Bissau,Guinea-Bissau,Guinea-Bissau
GNQ,EGU,Equatorial Guinea,Equatorial Guinea,Guinée équatoriale,Guinea Ecuatorial,Equatorial Guinea,Equatorial Guinea,226,73,EGU,GEQ, Equatorial Guinea,EK,GNQ,Equatorial Guinea,eg,Equatorial Guinea,631,GNE,Equatorial Guinea (Republic of),EK,Equatorial Guinea,EQG, Equatorial Guinea,Eq Guinea,GNQ,,,Equatorial Guinea,,Equatorial Guinea
GRC,GRE,Greece,Greece,Grèce,Grecia,Greece,Greece,300,94,GRE,GRE, Greece,GR,GRC,Greece,gr,Greece,237,GRC,Greece,GR,Greece,GRE, Greece,Greece,GRC,GR, Greece,Greece,,Greece
GRD,GRN,Grenada,Grenada,Grenade,Granada,Grenada,Grenada,308,96,GRN,GRN, Grenada,GJ,GRD,Grenada,gd,Grenada,330,GRD,Grenada,GJ,Grenada,GRN, Grenada,Grenada,GRD,WG, Grenada,Grenada,,Grenada
GRL,GRL,Greenland,Greenland,Groenland,Groenlandia,Greenland,Greenland,304,95,GRL,,,GL,GRL,Greenland,gl,Greenland,331,,Denmark - Greenland,GL,Greenland,,,Greenland,GRL,,,Greenland,,
GTM,GUA,Guatemala,Guatemala,Guatemala,Guatemala,Guatemala,Guatemala,320,100,GUA,GUA, Guatemala,GT,GTM,Guatemala,gt,Guatemala,332,GTM,Guatemala (Republic of),GT,Guatemala,GUA, Guatemala,Guatemala,GTM,GCA, Guatemala,Guatemala,Guatemala,Guatemala
GUF,FGU,French Guiana,French Guiana,Guyane française,Guyana Francesa,French Guiana,French Guiana,254,83,FGU,,,FG,GUF,French Guiana,fg,French Guiana,NA,,,FG,French Guiana,FGU, French Guiana,French Guiana,GUF,,,French Guiana,,
GUM,GUM,Guam,Guam,Guam,,,Guam,316,98,,GUM, Guam,GQ,GUM,Guam,gu,Guam,NA,,,GQ,Guam,,,Guam,GUM,,,Guam,,
GUY,GUY,Guyana,Guyana,Guyana,Guyana,Guyana,Guyana,328,104,GUY,GUY, Guyana,GY,GUY,Guyana,gy,Guyana,750,GUY,Guyana,GY,Guyana,GUY, Guyana,Guyana,GUY,GUY, Guyana,Guyana,Guyana,Guyana
HKG,HKG,"Hong Kong, (SAR, China)",Hong Kong,Hong Kong,Hong Kong,"China, Hong Kong Special Administrative Region",Hong Kong,344,109,HKG,HKG," Hong Kong, China",HK,HKG,Hong Kong,#NAME?,Hong Kong,477,,China (People's Republic of) - Hong Kong (Special Administrative Region of China),HK,Hong Kong,HOK, Hong Kong,"China,H.Kong",HKG,,,"Hong Kong, China",,
HMD,HMD,Heard Island & Mcdonald Island,Heard Island and McDonald Islands,Heard-et-Îles MacDonald,,,,334,,,,,HM,HMD,Heard and McDonald Islands,hm,Heard and McDonald Islands,NA,,,HM,Heard Island and McDonald Islands,,,,,,,,,
HND,HON,Honduras,Honduras,Honduras,Honduras,Honduras,Honduras,340,108,HON,HON, Honduras,HO,HND,Honduras,ho,Honduras,334,HND,Honduras (Republic of),HO,Honduras,HON, Honduras,Honduras,HND,HN, Honduras,Honduras,Honduras,Honduras
HRV,HRV,Croatia,Croatia,Croatie,Croacia,Croatia,Croatia,191,60,HRV,CRO, Croatia,HR,HRV,Croatia,ci,Croatia,238,HRV,Croatia (Republic of),HR,Croatia,CRO, Croatia,Croatia,HRV,HR,Croatia,Croatia,Croatia,
HTI,HAI,Haiti,Haiti,Haïti,Haití,Haiti,Haiti,332,105,HAI,HAI, Haiti,HA,HTI,Haiti,ht,Haiti,336,HTI,Haiti (Republic of),HA,Haiti,HAI, Haiti,Haiti,HTI,RH, Haiti,Haiti,Haiti,Haiti
HUN,HUN,Hungary,Hungary,Hongrie,Hungría,Hungary,Hungary,348,111,HUN,HUN, Hungary,HU,HUN,Hungary,hu,Hungary,243,HNG,Hungary,HU,Hungary,HUN, Hungary,Hungary,HUN,H, Hungary,Hungary,,Hungary
IDN,INS,Indonesia,Indonesia,Indonésie,Indonesia,Indonesia,Indonesia,360,114,INS,INA, Indonesia,ID,IDN,Indonesia,io,Indonesia,525,INS,Indonesia (Republic of),ID,Indonesia,INS, Indonesia,Indonesia,IDN,RI, Indonesia,Indonesia,Indonesia,Indonesia
IMN,IMN,Isle of Man,Isle of Man,Île de Man,,,Isle of Man,833,118,,,,,,,im,Isle of Man,NA,,,IM,Isle of Man,,,Isle of Man,IMN,GBM, Isle of Man,,,
IND,IND,India,India,Inde,India,India,India,356,113,IND,IND, India,IN,IND,India,ii,India,419,IND,India (Republic of),IN,India,IND, India,India,IND,IND, India,India,India,India
IOT,IOT,British Indian Ocean Territory,British Indian Ocean Territory (the),Indien (le Territoire britannique de l'océan),,,British Indian Ocean Territory,86,36,,,,IO,IOT,British Indian Ocean Territory,bi,British Indian Ocean Territory,NA,,,IO,British Indian Ocean Territory,,,Br Ind,IOT,,,British Indian Ocean Ter.,,
IRL,IRE,Ireland,Ireland,Irlande,Irlanda,Ireland,Ireland,372,117,IRE,IRL, Ireland,EI,IRL,Ireland,ie,Ireland,250,IRL,Ireland,EI,Ireland,IRE, Ireland,Ireland,IRL,IRL, Ireland,Ireland,,Republic of Ireland
IRN,IRN,"Iran, Islamic Republic of",Iran (Islamic Republic of),République Islamique d'Iran,República Islámica de Irán,Iran (Islamic Republic of),Islamic Republic of Iran,364,115,IRN,IRI, Iran,IR,IRN,Iran,ir,Iran,422,IRN,Iran (Islamic Republic of),IR,"Iran, Islamic Republic of",IRA, Iran,Iran,IRN,IR, Iran,"Iran, Islamic Rep.",Iran,Iran
IRQ,IRQ,Iraq,Iraq,Iraq,Iraq,Iraq,Iraq,368,116,IRQ,IRQ, Iraq,IZ,IRQ,Iraq,iq,Iraq,425,IRQ,Iraq (Republic of),IZ,Iraq,IRQ, Iraq,Iraq,IRQ,IRQ, Iraq,Iraq,Iraq,Iraq
ISL,ICE,Iceland,Iceland,Islande,Islandia,Iceland,Iceland,352,112,ICE,ISL, Iceland,IC,ISL,Iceland,ic,Iceland,251,ISL,Iceland,IC,Iceland,ICE, Iceland,Iceland,ISL,IS, Iceland,Iceland,,Iceland
ISR,ISR,Israel,Israel,Israël,Israel,Israel,Israel,376,119,ISR,ISR, Israel,IS,ISR,Israel,is,Israel,428,ISR,Israel (State of),IS,Israel,ISR, Israel,Israel,ISR,IL, Israel,Israel,Israel,Israel
ITA,ITA,Italy,Italy,Italie,Italia,Italy,Italy,380,120,ITA,ITA, Italy,IT,ITA,Italy,it,Italy,247,I,Italy,IT,Italy,ITA, Italy,Italy,ITA,I, Italy,Italy,Italy,Italy
JAM,JAM,Jamaica,Jamaica,Jamaïque,Jamaica,Jamaica,Jamaica,388,121,JAM,JAM, Jamaica,JM,JAM,Jamaica,jm,Jamaica,339,JMC,Jamaica,JM,Jamaica,JAM, Jamaica,Jamaica,JAM,JA, Jamaica,Jamaica,Jamaica,Jamaica
JEY,JEY,Jersey,Jersey,Jersey,,,Jersey,832,124,,,,,,,je,Jersey,NA,,,JE,Jersey,,,,,,,,,
JOR,JOR,Jordan,Jordan,Jordanie,Jordania,Jordan,Jordan,400,126,JOR,JOR, Jordan,JO,JOR,Jordan,jo,Jordan,438,JOR,Jordan (Hashemite Kingdom of),JO,Jordan,JOR, Jordan,Jordan,JOR,HKJ, Jordan,Jordan,Jordan,Jordan
JPN,JPN,Japan,Japan,Japon,Japón,Japan,Japan,392,122,JPN,JPN, Japan,JA,JPN,Japan,ja,Japan,431,J,Japan,JA,Japan,JPN, Japan,Japan,JPN,J, Japan,Japan,,Japan
KAZ,KAZ,Kazakhstan,Kazakhstan,Kazakhstan,Kazajstán,Kazakhstan,Kazakhstan,398,128,KAZ,KAZ, Kazakhstan,KZ,KAZ,Kazakhstan,kz,Kazakhstan,436,KAZ,Kazakhstan (Republic of),KZ,Kazakhstan,KAZ, Kazakhstan,Kazakhstan,KAZ,KZ, Kazakhstan,Kazakhstan,,Kazakhstan
KEN,KEN,Kenya,Kenya,Kenya,Kenya,Kenya,Kenya,404,129,KEN,KEN, Kenya,KE,KEN,Kenya,ke,Kenya,634,KEN,Kenya (Republic of),KE,Kenya,KEN, Kenya,Kenya,KEN,EAK, Kenya,Kenya,Kenya,Kenya
KGZ,KGZ,Kyrgyzstan,Kyrgyzstan,Kirghizistan,Kirguistán,Kyrgyzstan,Kyrgyzstan,417,134,KGZ,KGZ, Kyrgyzstan,KG,KGZ,Kyrgyzstan,kg,Kyrgyzstan,451,KGZ,Kyrgyz Republic,KG,Kyrgyzstan,KYR, Kyrgyzstan,Kyrgyzstan,KGZ,KS, Kyrgyzstan,Kyrgyz Republic,Kyrgyzstan,Kyrgyzstan
KHM,CAM,Cambodia,Cambodia,Cambodge,Camboya,Cambodia,Cambodia,116,42,CAM,CAM, Cambodia,CB,KHM,Cambodia,cb,Cambodia,514,CBG,Cambodia (Kingdom of),CB,Cambodia,CMB, Cambodia,Cambodia,KHM,K, Cambodia,Cambodia,Cambodia (Kampuchea),Cambodia
KIR,KIR,Kiribati,Kiribati,Kiribati,Kiribati,Kiribati,Kiribati,296,131,KIR,KIR, Kiribati,KR,KIR,Kiribati,gb,Kiribati,529,KIR,Kiribati (Republic of),KR,Kiribati,KIR, Kiribati,Kiribati,KIR,,,Kiribati,,Kiribati
KNA,STK,Saint Kitts and Nevis,Saint Kitts and Nevis,Saint-Kitts-et-Nevis,Saint Kitts y Nevis,Saint Kitts and Nevis,Saint Kitts and Nevis,659,205,STK,SKN, Saint Kitts and Nevis,SC,KNA,Saint Kitts and Nevis,xd,Saint Kitts-Nevis,341,KNA,Saint Kitts and Nevis (Federation of),SC,Saint Kitts and Nevis,STK, Saint Kitts and Nevis,St Kitts Nev,KNA,,,St. Kitts and Nevis,,Saint Kitts and Nevis
KOR,KOR,Republic of Korea,Korea (the Republic of),République de Corée ,República de Corea,Republic of Korea,Republic of Korea,410,199,KOR,KOR, South Korea,KS,KOR,Republic of Korea,ko,Korea (South),440,KOR,Korea (Republic of),KS,"Korea, Republic of",ROK, South Korea,Korea Rep,KOR,ROK, South Korea,"Korea, Rep.",,South Korea
KUR,KUR,Kurdistan,NA,NA,NA,NA,NA,NA,NA,NA,NA,NA,NA,NA,NA,NA,NA,NA,NA,NA,NA,NA,NA,NA,NA,NA,NA,NA,NA,NA,NA
KWT,KUW,Kuwait,Kuwait,Koweït ,Kuwait,Kuwait,Kuwait,414,133,KUW,KUW, Kuwait,KU,KWT,Kuwait,ku,Kuwait,447,KWT,Kuwait (State of),KU,Kuwait,KUW, Kuwait,Kuwait,KWT,KWT, Kuwait,Kuwait,Kuwait,Kuwait
LAO,LAO,Lao People's Democratic Republic,Lao People's Democratic Republic (the),République démocratique populaire Lao,República Democrática Popular Lao,Lao People's Democratic Republic,Lao People's Democratic Republic,418,135,LAO,LAO, Laos,LA,LAO,Laos,ls,Laos,531,LAO,Lao People's Democratic Republic,LA,Lao People’s Democratic Republic,LAO, Laos,Lao P.Dem.R,LAO,LAO, Laos,Lao PDR,Laos,Laos
LBN,LEB,Lebanon,Lebanon,Liban,Líbano,Lebanon,Lebanon,422,137,LEB,LBN, Lebanon,LE,LBN,Lebanon,le,Lebanon,450,LBN,Lebanon,LE,Lebanon,LEB, Lebanon,Lebanon,LBN,RL, Lebanon,Lebanon,Lebanon,Lebanon
LBR,LBR,Liberia,Liberia,Libéria,Liberia,Liberia,Liberia,430,140,LBR,LBR, Liberia,LI,LBR,Liberia,lb,Liberia,636,LBR,Liberia (Republic of),LI,Liberia,LIR, Liberia,Liberia,LBR,LB, Liberia,Liberia,Liberia,Liberia
LBY,LBY,Libya,Libya,Libye,Libia,Libya,Libya,434,141,LBY,LBA, Libya,LY,LBY,Libya,ly,Libya,642,LBY,Libya (State of),LY,Libya,LIB, Libya,Libya,LBY,LAR, Libya,Libya,Libya,Libya
LCA,LCA,Saint Lucia,Saint Lucia,Sainte-Lucie,Santa Lucía,Saint Lucia,Saint Lucia,662,206,LCA,LCA, Saint Lucia,ST,LCA,Saint Lucia,xk,Saint Lucia,343,LCA,Saint Lucia,ST,Saint Lucia,STL, Saint Lucia,St Lucia,LCA,WL, Saint Lucia,St. Lucia,,Saint Lucia
LIE,LIE,Liechtenstein,Liechtenstein,Liechtenstein,Liechtenstein,Liechtenstein,Liechtenstein,438,142,LIE,LIE, Liechtenstein,LS,LIE,Liechtenstein,lh,Liechtenstein,252,LIE,Liechtenstein (Principality of),LS,Liechtenstein,LIE, Liechtenstein,Liechtensten,LIE,FL, Liechtenstein,Liechtenstein,,Liechtenstein
LKA,LKA,Sri Lanka,Sri Lanka,Sri Lanka,Sri Lanka,Sri Lanka,Sri Lanka,144,228,LKA,SRI, Sri Lanka,CE,LKA,Sri Lanka,ce,Sri Lanka,417,CLN,Sri Lanka (Democratic Socialist Republic of),CE,Sri Lanka,SRL, Sri Lanka,Sri Lanka,LKA,CL, Sri Lanka,Sri Lanka,Sri Lanka,Sri Lanka
LSO,LES,Lesotho,Lesotho,Lesotho,Lesotho,Lesotho,Lesotho,426,138,LES,LES, Lesotho,LT,LSO,Lesotho,lo,Lesotho,644,LSO,Lesotho (Kingdom of),LT,Lesotho,LES, Lesotho,Lesotho,LSO,LS, Lesotho,Lesotho,Lesotho,Lesotho
LTU,LTU,Lithuania,Lithuania,Lituanie,Lituania,Lithuania,Lithuania,440,143,LTU,LTU, Lithuania,LH,LTU,Lithuania,li,Lithuania,277,LTU,Lithuania (Republic of),LH,Lithuania,LIT, Lithuania,Lithuania,LTU,LT, Lithuania,Lithuania,,Lithuania
LUX,LUX,Luxembourg,Luxembourg,Luxembourg,Luxemburgo,Luxembourg,Luxembourg,442,144,LUX,LUX, Luxembourg,LU,LUX,Luxembourg,lu,Luxembourg,253,LUX,Luxembourg,LU,Luxembourg,LUX, Luxembourg,Luxembourg,LUX,L, Luxembourg,Luxembourg,,Luxembourg
LVA,LVA,Latvia,Latvia,Lettonie,Letonia,Latvia,Latvia,428,136,LVA,LAT, Latvia,LG,LVA,Latvia,lv,Latvia,275,LVA,Latvia (Republic of),LG,Latvia,LAT, Latvia,Latvia,LVA,LV, Latvia,Latvia,,Latvia
MAC,MAC,"China, Macao SAR",Macao,Macao,Macao,"China, Macao Special Administrative Region",Macau,446,145,MAC,,,MC,MAC,Macau,#NAME?,Macao,453,,China (People's Republic of) - Macao (Special Administrative Region of China),MC,Macao,MAC, Macau,"China, Macao",MAC,,,Macao,,
MAF,MAF,Saint Martin (French Part),Saint Martin (French part),Saint-Martin (partie française),Saint Martin,Saint Martin (French Part),Saint Martin,663,97,MAF,,,,,,st,Saint-Martin,NA,,,RN,Saint Martin,,,Saint-Martin,MAF,,,,,
MAR,MOR,Morocco,Morocco,Maroc,Marruecos,Morocco,Morocco,504,166,MOR,MAR, Morocco,MO,MAR,Morocco,mr,Morocco,242,MRC,Morocco (Kingdom of),MO,Morocco,MOR, Morocco,Morocco,MAR,MA, Morocco,Morocco,Morocco,Morocco
MCO,MCO,Monaco,Monaco,Monaco,Mónaco,Monaco,Monaco,492,162,MCO,MON, Monaco,MN,MCO,Monaco,mc,Monaco,254,MCO,Monaco (Principality of),MN,Monaco,MNC, Monaco,Monaco,MCO,MC, Monaco,Monaco,,Monaco
MDA,MDA,Republic of Moldova,Moldova (the Republic of),République de Moldova ,República de Moldova,Republic of Moldova,Moldova  Republic of,498,161,MDA,MDA, Moldova,MD,MDA,Republic of Moldova,mv,Moldova,214,MDA,Moldova (Republic of),MD,"Moldova, Republic of",MOL, Republic of Moldova,Moldova Rep,MDA,MD, Moldova,Moldova,Moldova,Moldova
MDG,MAD,Madagascar,Madagascar,Madagascar,Madagascar,Madagascar,Madagascar,450,146,MAD,MAD, Madagascar,MA,MDG,Madagascar,mg,Madagascar,647,MDG,Madagascar (Republic of),MA,Madagascar,MAG, Madagascar,Madagascar,MDG,RM, Madagascar,Madagascar,Madagascar (Malagasy),Madagascar
MDV,MDV,Maldives,Maldives,Maldives,Maldivas,Maldives,Maldives,462,150,MDV,MDV, Maldives,MV,MDV,The Maldives,xc,Maldives,455,MLD,Maldives (Republic of),MV,Maldives,MDV, The Maldives,Maldives,MDV,,,Maldives,,Maldives
MEX,MEX,Mexico,Mexico,Mexique,México,Mexico,Mexico,484,158,MEX,MEX, Mexico,MX,MEX,Mexico,mx,Mexico,345,MEX,Mexico,MX,Mexico,MEX, Mexico,Mexico,MEX,MEX, Mexico,Mexico,Mexico,Mexico
MHL,MHL,Marshall Islands,Marshall Islands (the),Marshall (les Îles),Islas Marshall,Marshall Islands,Marshall Islands,584,153,MHL,MHL, Marshall Islands,RM,MHL,Marshall Islands,xe,Marshall Islands,538,MHL,Marshall Islands (Republic of the),RM,Marshall Islands,MAS, Marshall Islands,Marshall Is,MHL,,,Marshall Islands,,Marshall Islands
MKD,MCD,North Macedonia,North Macedonia,Macédoine du Nord,Macedonia del Norte,North Macedonia,The former Yugoslav Republic of Macedonia,807,239,MCD,MKD,North Macedonia North Macedonia,MK,MKD,North Macedonia,,,274,MKD,North Macedonia (Republic of),MK,"Macedonia, the former Yugoslav Republic of",MCD, Republic of Macedonia,FYRMacedonia,MKD,NMK, North Macedonia,"Macedonia, FYR","Macedonia, FYR",North Macedonia
MLI,MLI,Mali,Mali,Mali,Malí,Mali,Mali,466,151,MLI,MLI, Mali,ML,MLI,Mali,ml,Mali,649,MLI,Mali (Republic of),ML,Mali,MLI, Mali,Mali,MLI,RMM, Mali,Mali,Mali,Mali
MLT,MTA,Malta,Malta,Malte,Malta,Malta,Malta,470,152,MTA,MLT, Malta,MT,MLT,Malta,mm,Malta,215,MLT,Malta,MT,Malta,MAT, Malta,Malta,MLT,M, Malta,Malta,Malta,Malta
MMR,MYA,Myanmar,Myanmar,Myanmar,Myanmar,Myanmar,Myanmar,104,168,MYA,MYA, Myanmar,MM,MMR,Myanmar,br,Burma,506,BRM,Myanmar (Union of),BM,Myanmar,MYA, Myanmar,Myanmar,MMR,BUR, Myanmar,Myanmar,Myanmar (Burma),Myanmar
MNE,MNE,Montenegro,Montenegro,Monténégro,Montenegro,Montenegro,Montenegro,499,164,MNE,MNE, Montenegro,ME,MNE,Montenegro,mo,Montenegro,262,MNE,Montenegro,MJ,Montenegro,,,Montenegro,MNE,MNE, Montenegro,,,Montenegro
MNG,MNG,Mongolia,Mongolia,Mongolie,Mongolia,Mongolia,Mongolia,496,163,MNG,MGL, Mongolia,MG,MNG,Mongolia,mp,Mongolia,457,MNG,Mongolia,MG,Mongolia,MON, Mongolia,Mongolia,MNG,MGL, Mongolia,Mongolia,,Mongolia
MNP,MNP,Northern Mariana Islands,Northern Mariana Islands (the),Mariannes du Nord,Marianas del Norte,Northern Mariana Islands,Northern Mariana Islands,580,182,MNP,,,,,,nw,Northern Mariana Islands,536,,United States of America - Northern Mariana Islands (Commonwealth of the),CQ,Northern Mariana Islands,,,N Marianas,MNP,,,Northern Mariana Islands,,
MOZ,MOZ,Mozambique,Mozambique,Mozambique,Mozambique,Mozambique,Mozambique,508,167,MOZ,MOZ, Mozambique,MZ,MOZ,Mozambique,mz,Mozambique,650,MOZ,Mozambique (Republic of),MZ,Mozambique,MOZ, Mozambique,Mozambique,MOZ,MOC, Mozambique,Mozambique,Mozambique,Mozambique
MRT,MAU,Mauritania,Mauritania,Mauritanie,Mauritania,Mauritania,Mauritania,478,155,MAU,MTN, Mauritania,MR,MRT,Mauritania,mu,Mauritania,654,MTN,Mauritania (Islamic Republic of),MR,Mauritania,MAU, Mauritania,Mauritania,MRT,RIM, Mauritania,Mauritania,Mauritania,Mauritania
MSR,MSR,Montserrat,Montserrat,Montserrat,Montserrat,Montserrat,Montserrat,500,165,MSR,,,MH,MSR,Montserrat,mj,Montserrat,348,,United Kingdom of Great Britain and Northern Ireland - Montserrat,MH,Montserrat,MOT, Montserrat,Montserrat,MSR,,,Montserrat,,
MTQ,MAR,Martinique,Martinique,Martinique,Martinica,Martinique,Martinique,474,154,MAR,,,MB,MTQ,Martinique,mq,Martinique,347,,France - Martinique (French Department of),MB,Martinique,MAQ, Martinique,Martinique,MTQ,,,Martinique,,
MUS,MTS,Mauritius,Mauritius,Maurice,Mauricio,Mauritius,Mauritius,480,156,MTS,MRI, Mauritius,MP,MUS,Mauritius,mf,Mauritius,645,MAU,Mauritius (Republic of),MP,Mauritius,MAR, Mauritius,Mauritius,MUS,MS, Mauritius,Mauritius,,Mauritius
MWI,MLW,Malawi,Malawi,Malawi,Malawi,Malawi,Malawi,454,148,MLW,MAW, Malawi,MI,MWI,Malawi,mw,Malawi,655,MWI,Malawi,MI,Malawi,MLW, Malawi,Malawi,MWI,MW, Malawi,Malawi,,Malawi
MYS,MLS,Malaysia,Malaysia,Malaisie,Malasia,Malaysia,Malaysia,458,149,MLS,MAS, Malaysia,MY,MYS,Malaysia,my,Malaysia,533,MLA,Malaysia,MY,Malaysia,MAL, Malaysia,Malaysia,MYS,MAL, Malaysia,Malaysia,Malaysia,Malaysia
MYT,MYT,Mayotte,Mayotte,Mayotte,,,Mayotte,175,157,,,,YT,,Mayotte,ot,Mayotte,NA,,,MF,Mayotte,,,Mayotte,MYT,,,,,
NAM,NAM,Namibia,Namibia,Namibie,Namibia,Namibia,Namibia,516,169,NAM,NAM, Namibia,WA,NAM,Namibia,sx,Namibia,659,NMB,Namibia (Republic of),WA,Namibia,NAM, Namibia,Namibia,NAM,NAM, Namibia,Namibia,Namibia,Namibia
NAN,NAN,Netherlands Antilles,NA,NA,NA,NA,NA,NA,NA,NA,NA,NA,NA,NA,NA,NA,NA,NA,NA,NA,NA,NA,NA,NA,NA,NA,NA,NA,NA,NA,NA
NCL,FNC,French New Caledonia,New Caledonia,Nouvelle-Calédonie,Nueva Caledonia,New Caledonia,New Caledonia,540,175,FNC,,,NC,NCL,New Caledonia,nl,New Caledonia,540,,France - New Caledonia,NC,New Caledonia,NCA, New Caledonia,NewCaledonia,NCL,,,New Caledonia,,
NER,NGR,Niger,Niger (the),Niger,Níger,Niger,Niger,562,178,NGR,NIG, Niger,NE,NER,Niger,ng,Niger,656,NGR,Niger (Republic of the),NG,Niger,NER, Niger,Niger,NER,RN, Niger,Niger,Niger,Niger
NFK,NFK,Norfolk Islands,Norfolk Island,l'Île Norfolk,,,,574,,,,,NF,NFK,Norfolk Island,nx,Norfolk Island,NA,,,NF,Norfolk Island,,,Norfolk Is,NFK,,,Norfolk Island,,
NGA,NIG,Nigeria,Nigeria,Nigéria,Nigeria,Nigeria,Nigeria,566,179,NIG,NGR, Nigeria,NG,NGA,Nigeria,nr,Nigeria,657,NIG,Nigeria (Federal Republic of),NI,Nigeria,NIR, Nigeria,Nigeria,NGA,WAN, Nigeria,Nigeria,Nigeria,Nigeria
NIC,NIC,Nicaragua,Nicaragua,Nicaragua,Nicaragua,Nicaragua,Nicaragua,558,177,NIC,NCA, Nicaragua,NU,NIC,Nicaragua,nq,Nicaragua,350,NCG,Nicaragua,NU,Nicaragua,NIC, Nicaragua,Nicaragua,NIC,NIC, Nicaragua,Nicaragua,Nicaragua,Nicaragua
NIU,NIU,Niue,Niue,Niue,Niue,Niue,Niue,570,180,NIU,,,NU,NIU,Niue,xh,Niue,542,,New Zealand - Niue,NE,Niue,NIU, Niue,Niue,NIU,,,Niue,,
NLD,NET,Netherlands,Netherlands (the),Pays-Bas,Países Bajos,Netherlands,Netherlands,528,173,NET,NED, Netherlands,NL,NLD,Netherlands,ne,Netherlands,244,HOL,Netherlands (Kingdom of the),NL,Netherlands,NET, Netherlands,Netherlands,NLD,NL, Netherlands,Netherlands,Netherlands,Kingdom of the Netherlands
NOR,NOR,Norway,Norway,Norvège,Noruega,Norway,Norway,578,183,NOR,NOR, Norway,NO,NOR,Norway,no,Norway,257,NOR,Norway,NO,Norway,NOR, Norway,Norway,NOR,N, Norway,Norway,,Norway
NPL,NEP,Nepal,Nepal,Népal,Nepal,Nepal,Nepal,524,172,NEP,NEP, Nepal,NP,NPL,Nepal,np,Nepal,459,NPL,Nepal (Federal Democratic Republic of),NP,Nepal,NEP,   Nepal,Nepal,NPL,NEP, Nepal,Nepal,Nepal,Nepal
NRU,NRU,Nauru,Nauru,Nauru,Nauru,Nauru,Nauru,520,170,NRU,NRU, Nauru,NR,NRU,Nauru,nu,Nauru,544,NRU,Nauru (Republic of),NR,Nauru,NAU, Nauru,Nauru,NRU,NAU, Nauru,Nauru,,Nauru
NZL,NZL,New Zealand,New Zealand,Nouvelle-Zélande,Nueva Zelandia,New Zealand,New Zealand,554,176,NZL,NZL, New Zealand,NZ,NZL,New Zealand,nz,New Zealand,512,NZL,New Zealand,NZ,New Zealand,NZE, New Zealand,New Zealand,NZL,NZ, New Zealand,New Zealand,,New Zealand
OMN,OMN,Oman,Oman,Oman,Omán,Oman,Oman,512,184,OMN,OMA, Oman,MU,OMN,Oman,mk,Oman,461,OMA,Oman (Sultanate of),MU,Oman,OMA, Oman,Oman,OMN,,,Oman,,Oman
PAK,PAK,Pakistan,Pakistan,Pakistan,Pakistán,Pakistan,Pakistan,586,185,PAK,PAK, Pakistan,PK,PAK,Pakistan,pk,Pakistan,463,PAK,Pakistan (Islamic Republic of),PK,Pakistan,PAK, Pakistan,Pakistan,PAK,PK, Pakistan,Pakistan,Pakistan,Pakistan
PAL,PAL,Palestine,NA,NA,NA,NA,NA,NA,NA,NA,NA,NA,NA,NA,NA,NA,NA,NA,NA,NA,NA,NA,NA,NA,NA,NA,NA,NA,NA,NA,NA
PAN,PAN,Panama,Panama,Panama,Panamá,Panama,Panama,591,188,PAN,PAN, Panama,PM,PAN,Panama,pn,Panama,351,PNR,Panama (Republic of),PM,Panama,PAN, Panama,Panama,PAN,PA, Panama,Panama,Panama,Panama
PCN,PCN,Pitcairn,Pitcairn,Pitcairn,,,Pitcairn Islands,612,194,,,,PN,PCN,Pitcairn Islands,pc,Pitcairn Island,555,,United Kingdom of Great Britain and Northern Ireland - Pitcairn Island,PC,Pitcairn,,,Pitcairn Is,PCN,,,Pitcairn,,
PER,PER,Peru,Peru,Pérou,Perú,Peru,Peru,604,192,PER,PER, Peru,PE,PER,Peru,pe,Peru,760,PRU,Peru,PE,Peru,PER, Peru,Peru,PER,PE, Peru,Peru,Peru,Peru
PHL,PHI,Philippines,Philippines (the),Philippines,Filipinas,Philippines,Philippines,608,193,PHI,PHI, Philippines,RP,PHL,Philippines,ph,Philippines,548,PHL,Philippines (Republic of the),RP,Philippines,PHI, Philippines,Philippines,PHL,RP, Philippines,Philippines,Philippines,Philippines
PLW,PLW,Palau,Palau,Palaos,Palau,Palau,Palau,585,186,PLW,PLW, Palau,PS,PLW,Palau,pw,Palau,511,,Palau (Republic of),PS,Palau,TTP, Palau,Palau,PLW,,,Palau,,Palau
PNG,PNG,Papua New Guinea,Papua New Guinea,Papouasie-Nouvelle-Guinée,Papua Nueva Guinea,Papua New Guinea,Papua New Guinea,598,189,PNG,PNG, Papua New Guinea,PP,PNG,Papua New Guinea,pp,Papua New Guinea,553,PNG,Papua New Guinea,PP,Papua New Guinea,PNG, Papua New Guinea,Papua N Guin,PNG,PNG, Papua New Guinea,Papua New Guinea,Papua New Guinea,Papua New Guinea
POL,POL,Poland,Poland,Pologne,Polonia,Poland,Poland,616,195,POL,POL, Poland,PL,POL,Poland,pl,Poland,261,POL,Poland (Republic of),PL,Poland,POL, Poland,Poland,POL,PL, Poland,Poland,,Poland
PRI,PUE,Puerto Rico,Puerto Rico,Porto Rico,Puerto Rico,Puerto Rico,Puerto Rico,630,197,PUE,PUR, Puerto Rico,RQ,PRI,Puerto Rico,pr,Puerto Rico,358,,United States of America - Puerto Rico,RQ,Puerto Rico,PUE, Puerto Rico,Puerto Rico,PRI,,,Puerto Rico,,
PRK,KRN,Democratic People's Republic of Korea,Korea (the Democratic People's Republic of),République populaire démocratique de Corée ,República Popular Democrática de Corea,Democratic People's Republic of Korea,Democratic People's Republic of Korea,408,64,KRN,PRK, North Korea,KN,PRK,Democratic People's Republic of Korea,kn,Korea (North),445,KRE,Democratic People's Republic of Korea,KN,"Korea, Democratic People’s Republic of",DRK, North Korea,Korea D P Rp,PRK,,,"Korea, Dem. Rep.",,North Korea
PRT,POR,Portugal,Portugal,Portugal,Portugal,Portugal,Portugal,620,196,POR,POR, Portugal,PT,PRT,Portugal,po,Portugal,263,POR,Portugal,PO,Portugal,POR, Portugal,Portugal,PRT,P, Portugal,Portugal,,Portugal
PRY,PAR,Paraguay,Paraguay,Paraguay,Paraguay,Paraguay,Paraguay,600,191,PAR,PAR, Paraguay,PA,PRY,Paraguay,py,Paraguay,755,PRG,Paraguay (Republic of),PA,Paraguay,PAR, Paraguay,Paraguay,PRY,PY, Paraguay,Paraguay,Paraguay,Paraguay
PSE,GAZ,State of Palestine,"Palestine, State of",État de Palestine,,State of Palestine,State of Palestine,275,265,GAZ,PLE, Palestine,PS,PSE,Palestinian Territory,,,443,,"State of Palestine (In accordance with Resolution 99 Rev. Dubai, 2018)",WE,"Palestine, State of",PAL, Occupied Palestinian Territory,"Palest, O.T.",PSE,,,,,
PYF,FPO,French Polynesia,French Polynesia,Polynésie française,Polinesia Francesa,French Polynesia,French Polynesia,258,84,FPO,,,FP,PYF,French Polynesia,fp,French Polynesia,546,,France - French Polynesia,FP,French Polynesia,FPL, French Polynesia,French Polynesia,PYF,,,French Polynesia,,
QAT,QAT,Qatar,Qatar,Qatar,Qatar,Qatar,Qatar,634,198,QAT,QAT, Qatar,QA,QAT,Qatar,qa,Qatar,466,QAT,Qatar (State of),QA,Qatar,QAT, Qatar,Qatar,QAT,Q, Qatar,Qatar,Qatar,Qatar
REU,REU,"Reunion, Department of",Réunion,Réunion,Reunión,Réunion,RÃ©union,638,200,REU,,,RE,REU,Réunion,re,Réunion,660,,France - Reunion (French Department of),RE,Reunion,REU, Réunion,Réunion,REU,,,Reunion,,
ROU,ROM,Romania,Romania,Roumanie,Rumania,Romania,Romania,642,201,ROM,ROU, Romania,RO,ROU,Romania,rm,Romania,264,ROU,Romania,RO,Romania,ROM, Romania,Romania,ROU,RO, Romania,Romania,Romania,Romania
RUS,RUS,Russian Federation,Russian Federation (the),Fédération de Russie,Federación de Rusia,Russian Federation,Russian Federation,643,202,RUS,RUS, Russia,RU,RUS,Russia,ru,Russia (Federation),273,RUS,Russian Federation,RS,Russian Federation,RUS, Russia,Russian Fed,RUS,RUS, Russia,Russian Federation,Russia (Soviet Union),Russia
RWA,RWA,Rwanda,Rwanda,Rwanda,Rwanda,Rwanda,Rwanda,646,203,RWA,RWA, Rwanda,RW,RWA,Rwanda,rw,Rwanda,661,RRW,Rwanda (Republic of),RW,Rwanda,RWA, Rwanda,Rwanda,RWA,RWA, Rwanda,Rwanda,Rwanda,Rwanda
SAU,SAU,Saudi Arabia,Saudi Arabia,Arabie saoudite,Arabia Saudita,Saudi Arabia,Saudi Arabia,682,212,SAU,KSA, Saudi Arabia,SA,SAU,Saudi Arabia,su,Saudi Arabia,403,ARS,Saudi Arabia (Kingdom of),SA,Saudi Arabia,SAU, Saudi Arabia,Saudi Arabia,SAU,KSA, Saudi Arabia,Saudi Arabia,Saudi Arabia,Saudi Arabia
SCG,SCG,Serbia and Montenegro,NA,NA,NA,NA,NA,NA,NA,NA,NA,NA,NA,NA,NA,NA,NA,NA,NA,NA,NA,NA,NA,NA,NA,NA,NA,NA,NA,NA,NA
SDN,SUD,Sudan,Sudan (the),Soudan,Súdan,Sudan,Sudan,729,229,SUD,SUD, Sudan,SU,SDN,Sudan,sj,Sudan,662,SDN,Sudan (Republic of the),SU,Sudan,SUD, Sudan,Sudan,SDN,SUD, Sudan,Sudan,Sudan,Sudan
SEN,SEN,Senegal,Senegal,Sénégal,Senegal,Senegal,Senegal,686,214,SEN,SEN, Senegal,SG,SEN,Senegal,sg,Senegal,663,SEN,Senegal (Republic of),SG,Senegal,SEN, Senegal,Senegal,SEN,SN, Senegal,Senegal,Senegal,Senegal
SGP,SIN,Singapore,Singapore,Singapour,Singapur,Singapore,Singapore,702,219,SIN,SGP, Singapore,SN,SGP,Singapore,si,Singapore,563,SNG,Singapore (Republic of),SN,Singapore,SIN, Singapore,Singapore,SGP,SGP, Singapore,Singapore,,Singapore
SGS,SGS,S.Georgia & S.Sandwich Is.,South Georgia and the South Sandwich Islands,Géorgie du Sud-et-les Îles Sandwich du Sud,Islas Georgia del Sur y Sandwich del Sur,South Georgia and the South Sandwich Islands,South Georgia and the South Sandwich Islands,239,225,SGS,,,SX,SGS,South Georgia and South Sandwich Islands,xs,South Georgia and the South Sandwich Islands,NA,,,SX,South Georgia and the South Sandwich Islands,,,,,,,,,
SHN,SHN,Saint Helena,"Saint Helena, Ascension and Tristan da Cunha","Sainte-Hélène, Ascension et Tristan da Cunha",,,Saint Helena,654,204,,,,SH,SHN,Saint Helena,xj,Saint Helena,665,,United Kingdom of Great Britain and Northern Ireland - Saint Helena,SH,"Saint Helena, Ascension and Tristan da Cunha",STH, Saint Helena,St Helena,SHN,,,Saint Helena,,
SIK,SIK,Sikkim,NA,NA,NA,NA,NA,NA,NA,NA,NA,NA,NA,NA,NA,NA,NA,NA,NA,NA,NA,NA,NA,NA,NA,NA,NA,NA,NA,NA,NA
SJM,SJM,Svalbard and Jam Mayen,Svalbard and Jan Mayen,Svalbard et l'Île Jan Mayen,Isla Jan Mayen,Svalbard and Jan Mayen Islands,,744,,SJM,,,SJ,SJM,Svalbard and Jan Mayen Islands,#NAME?,Svalbard,NA,,,SV,Svalbard and Jan Mayen,,,Svalbard Is,SJM,,,Svalbard and Jan Mayen Is,,
SLB,SOL,Solomon Islands,Solomon Islands,Salomon,Islas Salomón,Solomon Islands,Solomon Islands,90,222,SOL,SOL, Solomon Islands,BP,SLB,Solomon Islands,bp,Solomon Islands,557,SLM,Solomon Islands,BP,Solomon Islands,SOI, Solomon Islands,Solomon Is,SLB,,,Solomon Islands,Solomon Islands,Solomon Islands
SLE,SLE,Sierra Leone,Sierra Leone,Sierra Leone,Sierra Leona,Sierra Leone,Sierra Leone,694,218,SLE,SLE, Sierra Leone,SL,SLE,Sierra Leone,sl,Sierra Leone,667,SRL,Sierra Leone,SL,Sierra Leone,SIL, Sierra Leone,Sierra Leone,SLE,WAL, Sierra Leone,Sierra Leone,Sierra Leone,Sierra Leone
SLV,SAL,El Salvador,El Salvador,El Salvador,El Salvador,El Salvador,El Salvador,222,72,SAL,ESA, El Salvador,SV,SLV,El Salvador,es,El Salvador,359,SLV,El Salvador (Republic of),ES,El Salvador,ELS, El Salvador, El Salvador,SLV,ES, El Salvador,El Salvador,El Salvador,El Salvador
SMR,SMA,San Marino,San Marino,Saint-Marin,San Marino,San Marino,San Marino,674,210,SMA,SMR, San Marino,SM,SMR,San Marino,sm,San Marino,268,SMR,San Marino (Republic of),SM,San Marino,SNM, San Marino,San Marino,SMR,RSM, San Marino,San Marino,,San Marino
SOM,SOM,Somalia,Somalia,Somalie,Somalia,Somalia,Somalia,706,223,SOM,SOM, Somalia,SO,SOM,Somalia,so,Somalia,666,SOM,Somalia (Federal Republic of),SO,Somalia,SOM, Somalia,Somalia,SOM,SO, Somalia,Somalia,Somalia,Somalia
SOV,SOV,Soviet Union,NA,NA,NA,NA,NA,NA,NA,NA,NA,NA,NA,NA,NA,NA,NA,NA,NA,NA,NA,NA,NA,NA,NA,NA,NA,NA,NA,NA,NA
SPM,SPM,Saint Pierre et Miquelon,Saint Pierre and Miquelon,Saint-Pierre-et-Miquelon,,,Saint Pierre et Miquelon,666,207,,,,SB,SPM,Saint Pierre and Miquelon,xl,Saint Pierre and Miquelon,361,,France - Saint Pierre and Miquelon (Territorial Collectivity of),SB,Saint Pierre and Miquelon,,,St Pier Mq,SPM,,,Saint Pierre and Miquelon,,
SRB,SRB,Serbia (and Kosovo: S/RES/1244 (1999)),Serbia,Serbie,Serbia,Serbia,Serbia,688,216,SRB,SRB, Serbia,RS,SRB,Serbia,rb,Serbia,279,SRB,Serbia (Republic of),RI,Serbia,,,Serbia,SRB,SRB, Serbia,,Serbia (Yugoslavia),Serbia
SSD,SSD,South Sudan,South Sudan,Soudan du Sud,Sudán de Sur,South Sudan,South Sudan,728,270,SSD,SSD, South Sudan,SS,SSD,South Sudan,sd,South Sudan,638,SSD,South Sudan (Republic of),OD,South Sudan,,,South Sudan,SSD,,,,South Sudan,South Sudan
STA,STA,Stateless,NA,NA,NA,NA,NA,NA,NA,NA,NA,NA,NA,NA,NA,NA,NA,NA,NA,NA,NA,NA,NA,NA,NA,NA,NA,NA,NA,NA,NA
STP,STP,Sao Tome and Principe,Sao Tome and Principe,Sao Tomé-et-Principe,Santo Tomé y Príncipe,Sao Tome and Principe,Sao Tome and Principe,678,211,STP,STP, São Tomé and Príncipe,TP,STP,São Tomé and Príncipe,sf,Sao Tome and Principe,668,STP,Sao Tome and Principe (Democratic Republic of),TP,Sao Tome and Principe,STP, São Tomé and Príncipe,Sao Tome Pr,STP,,,Sao Tome and Principe,,São Tomé and Príncipe
SUR,SUR,Suriname,Suriname,Suriname,Suriname,Suriname,Suriname,740,230,SUR,SUR, Suriname,NS,SUR,Suriname,sr,Surinam,765,SUR,Suriname (Republic of),NS,Suriname,SUR, Suriname,Suriname,SUR,SME, Suriname,Suriname,,Suriname
SVK,SVK,Slovakia,Slovakia,Slovaquie,Eslovaquia,Slovakia,Slovakia,703,220,SVK,SVK, Slovakia,LO,SVK,Slovakia,xo,Slovakia,267,SVK,Slovak Republic,LO,Slovakia,SLO, Slovakia,Slovakia,SVK,SK, Slovakia,Slovak Republic,,Slovakia
SVN,SVN,Slovenia,Slovenia,Slovénie,Eslovenia,Slovenia,Slovenia,705,221,SVN,SLO, Slovenia,SI,SVN,Slovenia,xv,Slovenia,278,SVN,Slovenia (Republic of),SI,Slovenia,SVN, Slovenia,Slovenia,SVN,SLO, Slovenia,Slovenia,,Slovenia
SWE,SWE,Sweden,Sweden,Suède,Suecia,Sweden,Sweden,752,233,SWE,SWE, Sweden,SW,SWE,Sweden,sw,Sweden,265,S,Sweden,SW,Sweden,SWE, Sweden,Sweden,SWE,S, Sweden,Sweden,Sweden,Sweden
SWZ,SWA,Eswatini,Eswatini,Eswatini,Eswatini,Eswatini,Eswatini,748,232,SWA,SWZ,Eswatini Eswatini,,,,sq,Eswatini,669,SWZ,Eswatini (Kingdom of),WZ,Swaziland,SWA, Swaziland,Swaziland,SWZ,SD, Eswatini,Swaziland,Kingdom of eSwatini (Swaziland),Eswatini
SXM,SXM,Saint Maarten (NET),Sint Maarten (Dutch part),Saint-Martin (partie néerlandaise),Sint Maarten (R. de los Países Bajos),Sint Maarten (Dutch part),Sint Maarten,534,null,SXM,,,,,,sn,Sint Maarten,306,,Netherlands (Kingdom of the) - Sint Maarten (Dutch part),NN,Sint Maarten,,,Sint Maarten,SXM,,,,,
SYC,SEY,Seychelles,Seychelles,Seychelles,Seychelles,Seychelles,Seychelles,690,217,SEY,SEY, Seychelles,SE,SYC,Seychelles,se,Seychelles,664,SEY,Seychelles (Republic of),SE,Seychelles,SEY, Seychelles,Seychelles,SYC,SY, Seychelles,Seychelles,,Seychelles
SYR,SYR,Syrian Arab Republic,Syrian Arab Republic (the),République arabe syrienne,República Árabe Siria,Syrian Arab Republic,Syrian Arab Republic,760,235,SYR,SYR, Syria,SY,SYR,Syria,sy,Syria,468,SYR,Syrian Arab Republic,SY,Syrian Arab Republic,SYR, Syria,Syria,SYR,SYR, Syria,Syrian Arab Republic,Syria,Syria
TCA,TCI,Turks and Caicos Islands,Turks and Caicos Islands (the),Turks-et-Caïcos,Islas Turcas y Caicos,Turks and Caicos Islands,Turks and Caicos islands,796,249,TCI,,,TK,TCA,Turks and Caicos Islands,tc,Turks and Caicos Islands,364,,United Kingdom of Great Britain and Northern Ireland - Turks and Caicos Islands,TK,Turks and Caicos Islands,TCI, Turks and Caicos Islands,Turks Caicos,TCA,,,Turks and Caicos Isl.,,
TCD,CHD,Chad,Chad,Tchad,Chad,Chad,Chad,148,48,CHD,CHA, Chad,CD,TCD,Chad,cd,Chad,670,TCD,Chad (Republic of),CD,Chad,CHD, Chad,Chad,TCD,"TCH, TD", Chad,Chad,Chad,Chad
TGO,TOG,Togo,Togo,Togo,Togo,Togo,Togo,768,241,TOG,TOG, Togo,TO,TGO,Togo,tg,Togo,671,TGO,Togolese Republic,TO,Togo,TOG, Togo,Togo,TGO,TG, Togo,Togo,Togo,Togo
THA,THA,Thailand,Thailand,Thaïlande,Tailandia,Thailand,Thailand,764,238,THA,THA, Thailand,TH,THA,Thailand,th,Thailand,567,THA,Thailand,TH,Thailand,THA, Thailand,Thailand,THA,T, Thailand,Thailand,Thailand,Thailand
TIB,TIB,"Tibet (SAR, China)",NA,NA,NA,NA,NA,NA,NA,NA,NA,NA,NA,NA,NA,NA,NA,NA,NA,NA,NA,NA,NA,NA,NA,NA,NA,NA,NA,NA,NA
TJK,TJK,Tajikistan,Tajikistan,Tadjikistan,Tayikistán,Tajikistan,Tajikistan,762,237,TJK,TJK, Tajikistan,TI,TJK,Tajikistan,ta,Tajikistan,472,TJK,Tajikistan (Republic of),TI,Tajikistan,TAJ, Tajikistan,Tajikistan,TJK,TJ, Tajikistan,Tajikistan,Tajikistan,Tajikistan
TKL,TKL,Tokelau,Tokelau,Tokelau,,,Tokelau,772,242,,,,TK,TKL,Tokelau,tl,Tokelau,NA,,,TL,Tokelau,TOK, Tokelau,Tokelau,TKL,,,Tokelau,,
TKM,TKM,Turkmenistan,Turkmenistan,Turkménistan,Turkmenistán,Turkmenistan,Turkmenistan,795,248,TKM,TKM, Turkmenistan,TX,TKM,Turkmenistan,tk,Turkmenistan,434,TKM,Turkmenistan,TX,Turkmenistan,TUK, Turkmenistan,Turkmenistan,TKM,TM, Turkmenistan,Turkmenistan,,Turkmenistan
TLS,TMP,Timor-Leste,Timor-Leste,Timor-Leste,Timor-Leste,Timor-Leste,Timor-Leste,626,240,TMP,TLS, East Timor,TL,TLS,Timor-Leste,em,Timor-Leste,550,TLS,Timor-Leste (Democratic Republic of),TT,Timor-Leste,TIM, Timor-Leste,Timor-Leste,TLS,,,,,East Timor
TON,TON,Tonga,Tonga,Tonga,Tonga,Tonga,Tonga,776,243,TON,TGA, Tonga,TN,TON,Tonga,to,Tonga,570,TON,Tonga (Kingdom of),TN,Tonga,TON, Tonga,Tonga,TON,,,Tonga,,Tonga
TTO,TRT,Trinidad and Tobago,Trinidad and Tobago,Trinité-et-Tobago,Trinidad y Tabago,Trinidad and Tobago,Trinidad and Tobago,780,244,TRT,TTO, Trinidad and Tobago,TD,TTO,Trinidad and Tobago,tr,Trinidad and Tobago,362,TRD,Trinidad and Tobago,TD,Trinidad and Tobago,TRI, Trinidad and Tobago,Trinidad Tob,TTO,TT, Trinidad and Tobago,Trinidad and Tobago,Trinidad and Tobago,Trinidad and Tobago
TUN,TUN,Tunisia,Tunisia,Tunisie,Túnez,Tunisia,Tunisia,788,246,TUN,TUN, Tunisia,TS,TUN,Tunisia,ti,Tunisia,672,TUN,Tunisia,TS,Tunisia,TUN, Tunisia,Tunisia,TUN,TN, Tunisia,Tunisia,Tunisia,Tunisia
TUR,TUR,Türkiye,Turkey,Turquie,Türkiye,Turkey,Turkey,792,247,TUR,TUR, Turkey,TU,TUR,Turkey,tu,Turkey,271,TUR,Turkey,TU,Turkey,TUR, Turkey,Turkey,TUR,TR, Turkey,Turkey,Turkey,Turkey
TUV,TUV,Tuvalu,Tuvalu,Tuvalu,Tuvalu,Tuvalu,Tuvalu,798,250,TUV,TUV, Tuvalu,TV,TUV,Tuvalu,tv,Tuvalu,572,TUV,Tuvalu,TV,Tuvalu,TUV, Tuvalu,Tuvalu,TUV,,,Tuvalu,,Tuvalu
TWN,TWN,"Taiwan, Province of China",Taiwan (Province of China),Taïwan (Province de Chine),Taiwan,,Taiwan,158,236,TWN,,,TW,TWN,Republic of China (Taiwan),,,416,,China (People's Republic of) - Taiwan (Province of China),TW,Taiwan,,,"China,Taiwan",TWN,,,Taiwan,,
TZA,TAN,United Republic of Tanzania,"Tanzania, the United Republic of",République-Unie de Tanzanie,Republica Unida de Tanzanía,United Republic of Tanzania,United Republic of Tanzania,834,255,TAN,TAN, Tanzania,TZ,TZA,Tanzania,tz,Tanzania,674,TZA,Tanzania (United Republic of),TZ,"Tanzania, United Republic of",URT, Tanzania,Tanzania,TZA,EAT, Tanzania,Tanzania,Tanzania,Tanzania
UGA,UGA,Uganda,Uganda,Ouganda,Uganda,Uganda,Uganda,800,252,UGA,UGA, Uganda,UG,UGA,Uganda,ug,Uganda,675,UGA,Uganda (Republic of),UG,Uganda,UGA, Uganda,Uganda,UGA,EAU, Uganda,Uganda,Uganda,Uganda
UKN,UKN,Unknown,NA,NA,NA,NA,NA,NA,NA,NA,NA,NA,NA,NA,NA,NA,NA,NA,NA,NA,NA,NA,NA,NA,NA,NA,NA,NA,NA,NA,NA
UKR,UKR,Ukraine,Ukraine,Ukraine,Ucrania,Ukraine,Ukraine,804,253,UKR,UKR, Ukraine,UP,UKR,Ukraine,un,Ukraine,272,UKR,Ukraine,UA,Ukraine,UKR, Ukraine,Ukraine,UKR,UA, Ukraine,Ukraine,Ukraine,Ukraine
UMI,UMI,US Minor Outlying Islands,United States Minor Outlying Islands (the),Îles mineures éloignées des États-Unis,,,,581,,,USA,,,,,uc,United States Misc. Caribbean Islands,NA,,,–,United States Minor Outlying Islands,,,,,,,,,
URY,URU,Uruguay,Uruguay,Uruguay,Uruguay,Uruguay,Uruguay,858,258,URU,URU, Uruguay,UY,URY,Uruguay,uy,Uruguay,770,URG,Uruguay (Eastern Republic of),UY,Uruguay,URU, Uruguay,Uruguay,URY,UY, Uruguay,Uruguay,,Uruguay
USA,USA,United States of America,United States of America (the),États-Unis d'Amérique,Estados Unidos de América,United States of America,United States of America,840,256,USA,UZB, United States,US,USA,United States,us,United States,338,USA,United States of America,US,United States,USA, United States,USA,USA,USA, United States,United States,United States of America,United States
UZB,UZB,Uzbekistan,Uzbekistan,Ouzbékistan,Uzbekistán,Uzbekistan,Uzbekistan,860,259,UZB,UZB, Uzbekistan,UZ,UZB,Uzbekistan,uz,Uzbekistan,437,UZB,Uzbekistan (Republic of),UZ,Uzbekistan,UZB, Uzbekistan,Uzbekistan,UZB,UZ, Uzbekistan,Uzbekistan,Uzbekistan,Uzbekistan
VAR,VAR,Various,NA,NA,NA,NA,NA,NA,NA,NA,NA,NA,NA,NA,NA,NA,NA,NA,NA,NA,NA,NA,NA,NA,NA,NA,NA,NA,NA,NA,NA
VAT,VAT,The Holy See,Holy See (the),Saint-Siège,Vaticano,Holy See,Holy See,336,107,VAT,,,,,,,,NA,,,VT,Holy See,,,,,,,Holy See,,
VCT,VCT,Saint Vincent and the Grenadines,Saint Vincent and the Grenadines,Saint-Vincent-et-les Grenadines,San Vicente y las Granadinas,Saint Vincent and the Grenadines,Saint Vincent and the Grenadines,670,208,VCT,ZAM, Saint Vincent and the Grenadines,VC,VCT,Saint Vincent and the Grenadines,xm,Saint Vincent and the Grenadines,375,VCT,Saint Vincent and the Grenadines,VC,Saint Vincent and the Grenadines,STV, Saint Vincent and the Grenadines,St Vincent,VCT,WV, Saint Vincent and the Grenadines,St. Vincent and the Grenadines,,Saint Vincent and the Grenadines
VEN,VEN,Venezuela,Venezuela (Bolivarian Republic of),République bolivarienne du Venezuela,República Bolivariana de Venezuela,Venezuela (Bolivarian Republic of),Venezuela,862,261,VEN,VEN, Venezuela,VE,VEN,Venezuela,ve,Venezuela,775,VEN,Venezuela (Bolivarian Republic of),VE,"Venezuela, Bolivarian Republic of",VEN, Venezuela,Venezuela,VEN,YV, Venezuela,Venezuela,Venezuela,Venezuela
VGB,BVI,British Virgin Islands,Virgin Islands (British),Vierges britanniques,Islas Vírgenes Británicas,British Virgin Islands,British Virgin Islands,92,37,BVI,IVB, British Virgin Islands,VS,VGB,British Virgin Islands,vb,British Virgin Islands,378,,United Kingdom of Great Britain and Northern Ireland - British Virgin Islands,VI,"Virgin Islands, British",BVI, British Virgin Islands,Br Virgin Is,VGB,BVI, British Virgin Islands,British Virgin Islands,,
VIR,VIR,Virgin Islands (U.S.),Virgin Islands (U.S.),Vierges des États-Unis,,,United States Virgin Islands,850,257,,ISV, Virgin Islands,VI,VIR,U.S. Virgin Islands,vi,Virgin Islands of the United States,379,,United States of America - United States Virgin Islands,VQ,"Virgin Islands, U.S.",UVI, U.S. Virgin Islands,US Virgin Is,VIR,,,Virgin Islands (U.S.),,
VNM,SRV,Viet Nam,Viet Nam,Viet Nam,Viet Nam,Viet Nam,Viet Nam,704,262,SRV,VIE, Vietnam,VN,VNM,Vietnam,vm,Vietnam,574,VTN,Viet Nam (Socialist Republic of),VN,Viet Nam,VIE, Vietnam,Viet Nam,VNM,VN, Vietnam,Vietnam,,Vietnam
VUT,VAN,Vanuatu,Vanuatu,Vanuatu,Vanuatu,Vanuatu,Vanuatu,548,260,VAN,VAN, Vanuatu,NH,VUT,Vanuatu,nn,Vanuatu,576,VUT,Vanuatu (Republic of),NH,Vanuatu,VAN, Vanuatu,Vanuatu,VUT,,,Vanuatu,,Vanuatu
WLF,WLF,Wallis and Futuna Islands,Wallis and Futuna,Wallis-et-Futuna,,,,876,,,,,WF,WLF,Wallis and Futuna Islands,wf,Wallis and Futuna,578,,France - Wallis and Futuna Islands,WF,Wallis and Futuna,WFI, Wallis and Futuna Islands,Wallis Fut I,WLF,,,Wallis and Futura Isl.,,
WSM,WES,Samoa,Samoa,Samoa,Samoa,Samoa,Samoa,882,209,WES,SAM, Samoa,SS,WSM,Samoa,ws,Samoa,561,SMO,Samoa (Independent State of),WS,Samoa,SAM, Samoa,Samoa,WSM,WS, Samoa,Samoa,,Samoa
XKX,KOS,Kosovo,NA,NA,NA,NA,NA,NA,NA,NA,NA,NA,NA,NA,NA,NA,NA,NA,NA,NA,NA,NA,NA,NA,NA,NA,NA,NA,NA,NA,NA
YEM,YEM,Yemen,Yemen,Yémen,Yemen,Yemen,Yemen,887,267,YEM,YEM, Yemen,YE,YEM,Yemen,ye,Yemen,473,YEM,Yemen (Republic of),YM,Yemen,YEM, Yemen,Yemen,YEM,YAR, Yemen,"Yemen, Rep.",Yemen (North Yemen),Yemen
YUG,YUG,Yugoslavia,NA,NA,NA,NA,NA,NA,NA,NA,NA,NA,NA,NA,NA,NA,NA,NA,NA,NA,NA,NA,NA,NA,NA,NA,NA,NA,NA,NA,NA
ZAF,RSA,South Africa,South Africa,Afrique du Sud,Sudáfrica,South Africa,South Africa,710,224,RSA,RSA, South Africa,SF,ZAF,South Africa,sa,South Africa,601,AFS,South Africa (Republic of),SF,South Africa,SAF, South Africa,South Africa,ZAF,ZA, South Africa,South Africa,South Africa,South Africa
ZMB,ZAM,Zambia,Zambia,Zambie,Zambia,Zambia,Zambia,894,268,ZAM,ZAM, Zambia,ZA,ZMB,Zambia,za,Zambia,678,ZMB,Zambia (Republic of),ZA,Zambia,ZAM, Zambia,Zambia,ZMB,Z, Zambia,Zambia,Zambia,Zambia
ZWE,ZIM,Zimbabwe,Zimbabwe,Zimbabwe,Zimbabwe,Zimbabwe,Zimbabwe,716,269,ZIM,ZIM, Zimbabwe,ZI,ZWE,Zimbabwe,rh,Zimbabwe,679,ZWE,Zimbabwe (Republic of),ZI,Zimbabwe,ZIM, Zimbabwe,Zimbabwe,ZWE,ZW, Zimbabwe,Zimbabwe,Zimbabwe (Rhodesia), Zimbabwe
